{
  "version": 1,
  "feature_count": 57,
  "centroids": {
    "battery": [
      0.03621968999505043,
      0.03199587017297745,
      0.03382236883044243,
      0.025566337630152702,
      0.025189094245433807,
      0.021903391927480698,
      0.02187620848417282,
      0.02168727107346058,
      0.02314845658838749,
      0.027717016637325287,
      0.026611175388097763,
      0.028298459947109222,
      0.031603384763002396,
      0.04031355679035187,
      0.04742065444588661,
      0.22261536121368408,
      0.024474412202835083,
      0.021964378654956818,
      0.0239234771579504,
      0.025139378383755684,
      0.026248538866639137,
      0.028397899121046066,
      0.03145024552941322,
      0.032113220542669296,
      0.030774660408496857,
      0.03192161023616791,
      0.027654703706502914,
      0.028122760355472565,
      0.03183543309569359,
      0.03551097214221954,
      0.04596211761236191,
      0.22049446403980255,
      0.030229032039642334,
      0.026029089465737343,
      0.029718546196818352,
      0.029807383194565773,
      0.030559852719306946,
      0.027408067137002945,
      0.025738706812262535,
      0.029725180938839912,
      0.028732700273394585,
      0.0331302247941494,
      0.027408072724938393,
      0.027233056724071503,
      0.02735305204987526,
      0.03182017803192139,
      0.042036641389131546,
      0.21905837953090668,
      0.4379545748233795,
      0.44619235396385193,
      0.4330465495586395,
      0.43906450271606445,
      0.15110211074352264,
      0.07770563662052155,
      0.10086634755134583,
      0.034071531146764755,
      0.03611085191369057
    ],
    "electronics": [
      0.05883577838540077,
      0.03315795212984085,
      0.045586563646793365,
      0.043013375252485275,
      0.04325464740395546,
      0.039010245352983475,
      0.03580770641565323,
      0.03603341802954674,
      0.03840969130396843,
      0.03676663711667061,
      0.03715762123465538,
      0.038502149283885956,
      0.040811579674482346,
      0.045118965208530426,
      0.04443484544754028,
      0.166015625,
      0.03879877179861069,
      0.031595636159181595,
      0.0412244088947773,
      0.046462833881378174,
      0.046484384685754776,
      0.04058458283543587,
      0.04126741737127304,
      0.04553115367889404,
      0.03912482038140297,
      0.040807124227285385,
      0.03803358972072601,
      0.041559040546417236,
      0.04103221744298935,
      0.047594957053661346,
      0.04534090310335159,
      0.15647494792938232,
      0.05207834020256996,
      0.03890009969472885,
      0.04488404095172882,
      0.05382838472723961,
      0.046486277133226395,
      0.04319446533918381,
      0.04253661632537842,
      0.03516412153840065,
      0.03228072077035904,
      0.03411939740180969,
      0.033026255667209625,
      0.036927785724401474,
      0.03991154953837395,
      0.04291144758462906,
      0.0451388880610466,
      0.16052842140197754,
      0.44654759764671326,
      0.453827440738678,
      0.4380806088447571,
      0.44615161418914795,
      0.17064781486988068,
      0.08929243683815002,
      0.08096510171890259,
      0.04217345640063286,
      0.043997958302497864
    ],
    "hazardous": [
      0.046517264097929,
      0.02900971658527851,
      0.033752720803022385,
      0.035728927701711655,
      0.03618737682700157,
      0.03922928497195244,
      0.03978385403752327,
      0.03850414231419563,
      0.04030774161219597,
      0.042507510632276535,
      0.043659526854753494,
      0.043634604662656784,
      0.04519699141383171,
      0.050374969840049744,
      0.05090957134962082,
      0.15334436297416687,
      0.02789274975657463,
      0.027353819459676743,
      0.03277476131916046,
      0.036834608763456345,
      0.03917975723743439,
      0.04244466871023178,
      0.04312000051140785,
      0.04654475301504135,
      0.04788443073630333,
      0.04930751398205757,
      0.04643762856721878,
      0.04712860658764839,
      0.04824529588222504,
      0.04718591272830963,
      0.04504002258181572,
      0.14127399027347565,
      0.051120687276124954,
      0.043775077909231186,
      0.05315045267343521,
      0.052291810512542725,
      0.04583440348505974,
      0.046030156314373016,
      0.040377236902713776,
      0.036189962178468704,
      0.03580942377448082,
      0.03501478582620621,
      0.03310982510447502,
      0.03173596039414406,
      0.03355522081255913,
      0.0394325852394104,
      0.04105258360505104,
      0.15016835927963257,
      0.4570099413394928,
      0.45848143100738525,
      0.41683074831962585,
      0.4441073536872864,
      0.16786548495292664,
      0.13840769231319427,
      0.1213207095861435,
      0.03775665909051895,
      0.03840205818414688
    ],
    "residual": [
      0.03610297292470932,
      0.01900273747742176,
      0.020240675657987595,
      0.021482164040207863,
      0.026535097509622574,
      0.02748895436525345,
      0.030617810785770416,
      0.033444155007600784,
      0.03499959409236908,
      0.03496032953262329,
      0.04177163541316986,
      0.045901812613010406,
      0.05595451965928078,
      0.06997513025999069,
      0.08014097809791565,
      0.13940291106700897,
      0.022304676473140717,
      0.018519869074225426,
      0.0227739866822958,
      0.024435056373476982,
      0.027603331953287125,
      0.03312050551176071,
      0.036830056458711624,
      0.03900056704878807,
      0.040318116545677185,
      0.04100378230214119,
      0.0508909747004509,
      0.057526446878910065,
      0.06044929102063179,
      0.06941470503807068,
      0.06179061532020569,
      0.1120394766330719,
      0.029315989464521408,
      0.02019818313419819,
      0.02809346653521061,
      0.03360075131058693,
      0.03268815204501152,
      0.033367034047842026,
      0.03401140868663788,
      0.03928329050540924,
      0.03873051330447197,
      0.03924541175365448,
      0.04780476167798042,
      0.04673127457499504,
      0.05438200384378433,
      0.06224588677287102,
      0.06246671825647354,
      0.11585671454668045,
      0.46819403767585754,
      0.45677122473716736,
      0.4424213469028473,
      0.4557957947254181,
      0.14600870013237,
      0.10389172285795212,
      0.08874952048063278,
      0.03119158372282982,
      0.031576529145240784
    ],